{
  "bins": [
    5.0,
    10.0,
    20.0,
    40.0,
    80.0,
    120.0,
    160.0,
    200.0
  ],
  "baseline": {
    "centers": [
      7.5,
      15.0,
      30.0,
      60.0,
      100.0,
      140.0,
      180.0
    ],
    "mean_response": [
      1.2518916130065918,
      1.0754035711288452,
      1.020808219909668,
      1.002935767173767,
      0.9992356896400452,
      0.9964994788169861,
      0.9973291158676147
    ],
    "resolution_sigma": [
      0.13228215277194977,
      0.0956888347864151,
      0.06391871720552444,
      0.04701424390077591,
      0.037589505314826965,
      0.035413216799497604,
      0.036278560757637024
    ],
    "counts": [
      148,
      276,
      524,
      1020,
      1001,
      1022,
      1009
    ]
  },
  "transformer": {
    "centers": [
      7.5,
      15.0,
      30.0,
      60.0,
      100.0,
      140.0,
      180.0
    ],
    "mean_response": [
      0.818063497543335,
      0.8622028231620789,
      0.9382271766662598,
      0.9895930290222168,
      1.0137577056884766,
      1.0274070501327515,
      1.014612078666687
    ],
    "resolution_sigma": [
      0.0620235949754715,
      0.04331843927502632,
      0.03463664650917053,
      0.034279994666576385,
      0.03836824744939804,
      0.04482238367199898,
      0.04140755534172058
    ],
    "counts": [
      148,
      276,
      524,
      1020,
      1001,
      1022,
      1009
    ]
  }
}