{
  "train_loss": [
    12603.127645371835,
    10648.135618571994,
    8206.881805033623,
    5756.6930936016615,
    3538.1421423803404,
    1628.0047630599781,
    646.1995474899871,
    241.17423132401478,
    105.91389363928687,
    68.95646937889389,
    61.36889257310312,
    56.340621272219884,
    52.93544650983207,
    51.31928948511051,
    50.29153041598163
  ],
  "val_loss": [
    11677.319921875,
    9437.145947265624,
    6886.811791992188,
    4648.096252441406,
    2288.6762939453124,
    972.6494018554688,
    325.6774475097656,
    143.24078445434571,
    39.921620750427245,
    35.4042631149292,
    37.83329696655274,
    33.74217863082886,
    41.459518909454346,
    34.97681951522827,
    30.714121437072755
  ],
  "epoch_time_s": [
    4400.637549877167,
    847.8809592723846,
    2638.4971737861633,
    843.3895428180695,
    862.5621581077576,
    862.1953957080841,
    1026.598016500473,
    523.5024933815002,
    497.51586389541626,
    491.72198390960693,
    492.2143747806549,
    488.89325857162476,
    484.84114623069763,
    463.913777589798,
    467.3830165863037
  ]
}